[
    {
        "pk": 2,
        "model": "projects.project",
        "fields": {
            "start_month": "January",
            "status": "Finished",
            "start_year": 2009,
            "description": "The goal of this project is to design, develop and evaluate a collaborative work environment based on social and semantic Web technologies to support networking innovation models in order to accelerate innovation processes through an architecture of participation and intelligent information management.",
            "title": "SELENE",
            "project_code": "CIT-430000-2009-43",
            "end_year": 2011,
            "total_funds_deusto": "0.00",
            "project_leader": 3,
            "end_month": "December",
            "observations": "",
            "project_type": "Applied research project",
            "logo": "",
            "total_funds": "0.00",
            "funding_program": 1,
            "homepage": "http://www.morelab.deusto.es/selene/",
            "slug": "selene"
        }
    },
    {
        "pk": 3,
        "model": "projects.project",
        "fields": {
            "start_month": "May",
            "status": "Not started",
            "start_year": 2011,
            "description": "The aim of this project is to design a system that provides access to services offered by the environment in a more natural way by Touch Computing and smart service identification.",
            "title": "LAGUNFC",
            "project_code": "",
            "end_year": 2012,
            "total_funds_deusto": "0.00",
            "project_leader": 3,
            "end_month": "June",
            "observations": "",
            "project_type": "Research project",
            "logo": "",
            "total_funds": "0.00",
            "funding_program": 2,
            "homepage": "",
            "slug": "lagunfc"
        }
    },
    {
        "pk": 4,
        "model": "projects.project",
        "fields": {
            "start_month": "10",
            "status": "In development",
            "start_year": 2012,
            "description": "TBD",
            "title": " UCADAMI: User and Context-aware Dynamically Adaptable Mobile Interfaces ",
            "project_code": "UCADAMI",
            "end_year": 2013,
            "total_funds_deusto": "59678.40",
            "project_leader": 3,
            "end_month": "12",
            "observations": "",
            "project_type": "Development project",
            "logo": "",
            "total_funds": "59678.40",
            "funding_program": 2,
            "homepage": "",
            "slug": "UCADAMI"
        }
    },
    {
        "pk": 1,
        "model": "projects.project",
        "fields": {
            "start_month": "10",
            "status": "In development",
            "start_year": 2010,
            "description": "THOFU is a large multidisciplinary R&D project which aims to enhance the offer of the hospitality sector through joint research on a new conception of the future hotel, from the spaces and their construction, to objects that reside in it, the interaction with guests, as well as the symbiosis with the Internet.",
            "title": "THOFU: Tecnolog\u00edas del Hotel del Futuro",
            "project_code": "",
            "end_year": 2013,
            "total_funds_deusto": "0.00",
            "project_leader": 7,
            "end_month": "12",
            "observations": "",
            "project_type": "Development project",
            "logo": "",
            "total_funds": "1000000.00",
            "funding_program": 1,
            "homepage": "http://www.thofu.es/inicio",
            "slug": "thofu"
        }
    },
    {
        "pk": 6,
        "model": "projects.project",
        "fields": {
            "start_month": "10",
            "status": "In development",
            "start_year": 2012,
            "description": "El proyecto SMARTUR pretende avanzar en el estudio de la movilidad como fen\u00f3meno social y tecnol\u00f3gico. En consonancia con trabajos realizados en proyectos anteriores, este proyecto coordinar\u00e1 y complementar\u00e1 la investigaci\u00f3n tecnol\u00f3gica dirigida a tres \u00e1mbitos: Destinos, territorio y Movilidad, identificando los destinos tractores del Pa\u00eds Vasco; Destinos Inteligentes, profundizando en la relaci\u00f3n entre visitante y destino; Econom\u00eda de datos en turismo, investigando en la mejora de la eficiencia en la gesti\u00f3n de datos y su aprovechamiento",
            "title": "SmarTUR: el turismo en destinos inteligentes ",
            "project_code": "SmarTUR",
            "end_year": 2014,
            "total_funds_deusto": "80802.00",
            "project_leader": 8,
            "end_month": "12",
            "observations": "Not official website yet",
            "project_type": "Development project",
            "logo": "",
            "total_funds": "80802.00",
            "funding_program": 3,
            "homepage": "http://www.tourgune.org/es/4/78/0/0/projects-smartur.html",
            "slug": "SmarTUR"
        }
    },
    {
        "pk": 7,
        "model": "projects.project",
        "fields": {
            "start_month": "10",
            "status": "In development",
            "start_year": 2012,
            "description": "TBD",
            "title": " ADIZAIN: Monitor Inteligente de superficies comerciales  ",
            "project_code": "ADIZAIN",
            "end_year": 2013,
            "total_funds_deusto": "30115.00",
            "project_leader": 3,
            "end_month": "12",
            "observations": "",
            "project_type": "Project",
            "logo": "",
            "total_funds": "30115.00",
            "funding_program": 2,
            "homepage": "",
            "slug": "Adizain"
        }
    },
    {
        "pk": 8,
        "model": "projects.project",
        "fields": {
            "start_month": "1",
            "status": "In development",
            "start_year": 2013,
            "description": "TBD",
            "title": " SONOPA: SOcial Networks for Older adults to Promote an Active life  ",
            "project_code": "SONOPA",
            "end_year": 2015,
            "total_funds_deusto": "0.00",
            "project_leader": 3,
            "end_month": "12",
            "observations": "",
            "project_type": "Development project",
            "logo": "",
            "total_funds": "108017.00",
            "funding_program": 4,
            "homepage": "",
            "slug": "SONOPA"
        }
    },
    {
        "pk": 9,
        "model": "projects.project",
        "fields": {
            "start_month": "1",
            "status": "In development",
            "start_year": 2013,
            "description": "IES Cities is the last iteration in a chain of inter-related projects promoting user-centric and user-provided mobile services that exploit open data and user-supplied data. The technical components and achievements of several former European projects will be integrated to assemble an open Linked Data apps-enabling technological platform. Such platform will be deployed in different cities across Europe, allowing the citizens to produce and consume internet-based services (apps) based on their own and external open data related to the cities. Something specially remarkable about IES Cities is that no project before has considered so much the extent of the impact that the users may have on improving the open data in which services are usually based. The user-centred approach is a must for the success of the project. The target groups of the project will be citizens, SMEs, ICT-Developing companies and public administration. IES Cities will provide a user-centric urban apps enabling platform for users in four cities across Europe. Each city will initially test the functionalities of the platform with completely independent services, different at each location, in order to allow the cities and their citizens covering different needs under a common platform. Users will be able to continuously enrich the consumed services with their own data and to have a voice in the proposal and selection of new services to be developed. The set of pre-defined urban services defined is spefic to the cities where they will be deployed since not all cities count with the same data and the same needs for their citizens. These services will target different strategic topics in a city such as mobility, environment, health, culture, knowledge of the cities and so on. The project comprises partners from five different European countries who will deploy and validate the integrated open platform for enabling Linked Data urban apps in cities from three different countries in Europe. The cities involved will be Zaragoza (ES), Bristol (UK), Rovereto (IT) and Majadahonda (ES).",
            "title": "IES Cities: Internet Enabled Services for the Cities accross Europe ",
            "project_code": "IES",
            "end_year": 2015,
            "total_funds_deusto": "0.00",
            "project_leader": 22,
            "end_month": "12",
            "observations": "Homepage is EU project information page",
            "project_type": "Innovation project",
            "logo": "",
            "total_funds": "276475.00",
            "funding_program": 5,
            "homepage": "http://ec.europa.eu/information_society/apps/projects/factsheet/index.cfm?project_ref=325097",
            "slug": "IES-Cities"
        }
    },
    {
        "pk": 10,
        "model": "projects.project",
        "fields": {
            "start_month": "1",
            "status": "In development",
            "start_year": 2012,
            "description": "The aim of DYNUI is to define an intelligent platform that facilitates the development and deployment of user-environment interfaces adaptable to the users, their interaction devices and their context. These interfaces have to be adapted both at the beginning and during the execution of services taking into account the users' capacities, their interaction devices and the users' and their environment's current context.",
            "title": "DYNUI: Capability and Context-aware Dynamic Adaptation of User Interfaces for Ambient Assisted Livin",
            "project_code": "DYNUI",
            "end_year": 2014,
            "total_funds_deusto": "29091.00",
            "project_leader": 3,
            "end_month": "12",
            "observations": "",
            "project_type": "Innovation project",
            "logo": "",
            "total_funds": "29091.00",
            "funding_program": 8,
            "homepage": "http://www.tecnologico.deusto.es/projects/dynui/",
            "slug": "DYNUI"
        }
    },
    {
        "pk": 11,
        "model": "projects.project",
        "fields": {
            "start_month": "10",
            "status": "In development",
            "start_year": 2011,
            "description": "TBD",
            "title": "FUTURE INTERNET II ",
            "project_code": "FUTURE INTERNET II ",
            "end_year": 2013,
            "total_funds_deusto": "142359.00",
            "project_leader": 24,
            "end_month": "12",
            "observations": "",
            "project_type": "Innovation project",
            "logo": "",
            "total_funds": "142359.00",
            "funding_program": 9,
            "homepage": "",
            "slug": "Future-internet-II"
        }
    },
    {
        "pk": 12,
        "model": "projects.project",
        "fields": {
            "start_month": "10",
            "status": "In development",
            "start_year": 2011,
            "description": "El proyecto 4GIZAR tiene como objetivo fundamental investigar y desarrollar tecnolog\u00edas, productos y procesos que favorezcan el despliegue de las redes LTE en Euskadi as\u00ed como su r\u00e1pida adopci\u00f3n tanto en la industria como en la propia sociedad, tomando como escenario concreto el de las comunicaciones M2M, dado su gran potencial en el mundo empresarial as\u00ed como el gran inter\u00e9s de las operadoras, que ven en este mercado una fuente de beneficios muy interesante y en constante crecimiento. NTS colabora como proveedor experto en soluciones de movilidad aportando su experiencia en el desarrollo de aplicaciones con demanda de gran ancho de banda de datos.",
            "title": "4GIZAR",
            "project_code": "4GIZAR",
            "end_year": 2013,
            "total_funds_deusto": "50053.00",
            "project_leader": 3,
            "end_month": "12",
            "observations": "",
            "project_type": "Innovation project",
            "logo": "",
            "total_funds": "50053.00",
            "funding_program": 7,
            "homepage": "http://www.nts-solutions.com/i+d+i.html",
            "slug": "4GIZAR"
        }
    },
    {
        "pk": 13,
        "model": "projects.project",
        "fields": {
            "start_month": "10",
            "status": "In development",
            "start_year": 2011,
            "description": "El proyecto ADAPTA tiene por misi\u00f3n proveer la infraestructura que facilite la migraci\u00f3n de la Web de Documentos actual a la Web de Datos promulgada por la iniciativa Linked Data. El objetivo final de la Web of Linked Data es la construcci\u00f3n de aplicaciones ricas en torno a los datos abiertos, conectando conocimiento de diversos dominios y organizaciones, distribuidos por la Web. El objetivo del proyecto ADAPTA es definir, dise\u00f1ar e implementar est\u00e1ndares y tecnolog\u00edas que permitan la adecuaci\u00f3n, validaci\u00f3n e integraci\u00f3n de datos abiertos por gobiernos y empresas para su explotaci\u00f3n avanzada por ciudadanos y empresas.",
            "title": "ADAPTA. Adecuaci\u00f3n, validaci\u00f3n e integraci\u00f3n de datos abiertos por gobiernos y empresas ",
            "project_code": "",
            "end_year": 2013,
            "total_funds_deusto": "152567.00",
            "project_leader": 5,
            "end_month": "12",
            "observations": "",
            "project_type": "Development project",
            "logo": "",
            "total_funds": "152567.00",
            "funding_program": 6,
            "homepage": "",
            "slug": "ADAPTA"
        }
    },
    {
        "pk": 14,
        "model": "projects.project",
        "fields": {
            "start_month": "10",
            "status": "In development",
            "start_year": 2011,
            "description": "TBD",
            "title": "Migraci\u00f3n Avanzada hacia el Cloud - mCLOUD ",
            "project_code": "mCLOUD",
            "end_year": 2014,
            "total_funds_deusto": "150633.00",
            "project_leader": 3,
            "end_month": "6",
            "observations": "",
            "project_type": "Development project",
            "logo": "",
            "total_funds": "150633.00",
            "funding_program": 6,
            "homepage": "",
            "slug": "mCLOUD"
        }
    },
    {
        "pk": 20,
        "model": "projects.project",
        "fields": {
            "start_month": "10",
            "status": "In development",
            "start_year": 2011,
            "description": "This project pursues two goals: a) Exploit the information available in Social Networks to complement data about emergency situations and b) Research and develop positioning technologies that evolve and adapt to the problems associated to emergency management situations",
            "title": "Social Awareness Based Emergency Situation Solver. SABESS",
            "project_code": "SABESS",
            "end_year": 2013,
            "total_funds_deusto": "147173.00",
            "project_leader": 2,
            "end_month": "12",
            "observations": "",
            "project_type": "Project",
            "logo": "",
            "total_funds": "147174.00",
            "funding_program": 6,
            "homepage": "",
            "slug": "SABESS"
        }
    },
    {
        "pk": 22,
        "model": "projects.project",
        "fields": {
            "start_month": "1",
            "status": "Finished",
            "start_year": 2012,
            "description": "The aim of the TALIS+ENGINE: Cooperative and Semantic Hybrid Reasoning for Service Orchestration in Reactive Environments subproject is to advance in the automatic or semi-automatic service composition within assistive environments with the goal of allowing in a spontaneous manner the environment adaptation to the concrete needs and goals of the user. Such adaptation of environment\u2019s behaviour demands the adoption of cooperative, hybrid (symbolic and connectionist), adaptable and scalable (evolving being aware of the emerging and disappearing devices and their sensing and acting capabilities) intelligence techniques. The concrete objectives pursued by this sub-project of cooordinated project \u201cTALISMAN+: Intelligent system for follow-up and promotion of personal autonomy\u201d will be:",
            "title": "TALIS+ENGINE: Razonamiento H\u00edbrido Cooperativo y Sem\u00e1ntico para la Orquestaci\u00f3n de Servicios en Ento",
            "project_code": "TALIS",
            "end_year": 2013,
            "total_funds_deusto": "40837.50",
            "project_leader": 48,
            "end_month": "12",
            "observations": "",
            "project_type": "Project",
            "logo": "",
            "total_funds": "40837.50",
            "funding_program": 11,
            "homepage": "",
            "slug": "TALIS"
        }
    },
    {
        "pk": 23,
        "model": "projects.project",
        "fields": {
            "start_month": "1",
            "status": "Not started",
            "start_year": 2012,
            "description": "The Go-Lab project will open up remote science laboratories, their data archives, and virtual models (\u201conline labs\u201d) for large-scale use in education. Go-Lab enables science inquiry-based learning that promotes acquisition of deep conceptual domain knowledge and inquiry skills and directs students to careers in science. For students (10 to 18-years old), Go-lab offers the opportunity to perform personalized scientific experiments with online labs in pedagogically structured and scaffolded learning spaces that are extended with social communication facilities. For teachers, Go-Lab offers pedagogical \u201cplug, share, and play\u201d through a Web-based interface and a community framework to disseminate best practices and find mutual support. A modular approach and inquiry classroom scenarios promote a seamless incorporation of online labs into the classroom. For lab-owners, Go-Lab provides open interfacing solutions to easily plug in their online labs, construct their virtual didactic counterparts, and share them in the Go-Lab federation of online labs. Go-Lab will thus promote their scientific activities. The project starts with a set of online labs from worldwide renowned research organisations (e.g., CERN, ESA) and then from selected universities and, based on initial in-depth pilots, will gradually improve and expand its series of online labs and associated inquiry learning opportunities with the increasing contribution of teacher and lab-owner communities. More advanced and later versions will be evaluated and validated in large scale pilots. The Go-Lab project throughout Europe will expand the resources for teaching science in schools and provide more challenging, authentic and higher-order learning experiences for students. Its sustainability will come from the opportunity for the larger science education community to add new online labs. An open and Web-based community will capitalize on the \u2018collective intelligence\u2019 of students, teachers, and scientists.",
            "title": "Go-Lab: Global Online Science Labs for Inquiry Learning at School ",
            "project_code": "Go-Lab",
            "end_year": 2016,
            "total_funds_deusto": null,
            "project_leader": 15,
            "end_month": "12",
            "observations": "",
            "project_type": "Project",
            "logo": "",
            "total_funds": "191177.28",
            "funding_program": 4,
            "homepage": "",
            "slug": "Go-Lab"
        }
    },
    {
        "pk": 24,
        "model": "projects.project",
        "fields": {
            "start_month": "1",
            "status": "Finished",
            "start_year": 2012,
            "description": "LifeWear (Mobilized Lifestyle with Wearables) aims at improving its users\u2019 quality of life through non-intrusive sensors and wearable devices. The project will allow to develop the use of intelligent and physiological monitoring to get to know the different body conditions so that actions and critical security and health problems can be monitored and controlled in real time..",
            "title": "LifeWear - Mobilized Lifestyle with Wearables",
            "project_code": "Lifewear",
            "end_year": 2012,
            "total_funds_deusto": "10175.42",
            "project_leader": 3,
            "end_month": "12",
            "observations": "",
            "project_type": "Project",
            "logo": "",
            "total_funds": "10175.42",
            "funding_program": 12,
            "homepage": "",
            "slug": "Lifewear"
        }
    },
    {
        "pk": 25,
        "model": "projects.project",
        "fields": {
            "start_month": "1",
            "status": "Finished",
            "start_year": 2012,
            "description": "The goal of this project is to develop a set of technological and innovative capabilities to enhance the Basque Tourism Competitiveness.",
            "title": "tourEXP: Propuestas Tur\u00edsticas Singulares en Ruta ER-2010/00005",
            "project_code": "TourEXP",
            "end_year": 2012,
            "total_funds_deusto": "18671.51",
            "project_leader": 3,
            "end_month": "12",
            "observations": "",
            "project_type": "Project",
            "logo": "",
            "total_funds": "18671.51",
            "funding_program": 13,
            "homepage": "",
            "slug": "TourEXP"
        }
    },
    {
        "pk": 26,
        "model": "projects.project",
        "fields": {
            "start_month": "1",
            "status": "Finished",
            "start_year": 2010,
            "description": "The goal of this project is to develop platforms and technologies to enable a High Value Service explotation environment through usage of Future Internet capabilities to enhance the business potential of the service economy.",
            "title": "Smart Work in the Future Internet",
            "project_code": "Smartworks",
            "end_year": 2012,
            "total_funds_deusto": "0.00",
            "project_leader": 37,
            "end_month": "12",
            "observations": "Some member need to be added",
            "project_type": "Project",
            "logo": "",
            "total_funds": "53832.37",
            "funding_program": 13,
            "homepage": "",
            "slug": "SmartWork"
        }
    },
    {
        "pk": 28,
        "model": "projects.project",
        "fields": {
            "start_month": "1",
            "status": "In development",
            "start_year": 2012,
            "description": "TBD",
            "title": "KONTATU: KOmunikazioa laguNTzeko plataforma Adimentsua eta tesTUinguruarekiko sentikorra",
            "project_code": "Kontatu",
            "end_year": 2013,
            "total_funds_deusto": "71069.42",
            "project_leader": 24,
            "end_month": "12",
            "observations": "",
            "project_type": "Project",
            "logo": "",
            "total_funds": "71069.42",
            "funding_program": 16,
            "homepage": "",
            "slug": "KONTAT"
        }
    },
    {
        "pk": 27,
        "model": "projects.project",
        "fields": {
            "start_month": "1",
            "status": "Finished",
            "start_year": 2010,
            "description": "Impact of personal spheres in real, augmented and virtual tourism spaces. Areas of Research: Tourism Sciences, Semantic Technologies \u2013 ontologies \u2013 Contextual Computing, Emotional Computing, Services Architecture, The Internet of Things, Urban Computing, Boolean Algebra, Travel & Tourism Technology, Advanced Information and Communication Services, Augmented & Virtual Reality, Tourism Resources Management, Statistics: measurement of tourism flows",
            "title": "tourSPHERES: Incidencia de las esferas personales en espacios tur\u00edsticos reales, aumentados y virtua",
            "project_code": "tourSPHERES",
            "end_year": 2012,
            "total_funds_deusto": "0.00",
            "project_leader": 9,
            "end_month": "12",
            "observations": "Funding information and consortium members (euve, robotiker) left",
            "project_type": "Project",
            "logo": "",
            "total_funds": "0.00",
            "funding_program": 17,
            "homepage": "http://www.tourgune.org/en/4/43/0/0/proiektuak-tourspheres.html",
            "slug": "tourSPHERES"
        }
    },
    {
        "pk": 1,
        "model": "projects.fundingamount",
        "fields": {
            "project": 1,
            "amount": "65183.00",
            "year": 2010
        }
    },
    {
        "pk": 2,
        "model": "projects.fundingamount",
        "fields": {
            "project": 1,
            "amount": "130060.00",
            "year": 2011
        }
    },
    {
        "pk": 3,
        "model": "projects.fundingamount",
        "fields": {
            "project": 1,
            "amount": "223760.00",
            "year": 2012
        }
    },
    {
        "pk": 4,
        "model": "projects.fundingamount",
        "fields": {
            "project": 1,
            "amount": "190230.00",
            "year": 2013
        }
    },
    {
        "pk": 5,
        "model": "projects.fundingamount",
        "fields": {
            "project": 2,
            "amount": "2460.00",
            "year": 2009
        }
    },
    {
        "pk": 6,
        "model": "projects.fundingamount",
        "fields": {
            "project": 2,
            "amount": "7928.00",
            "year": 2010
        }
    },
    {
        "pk": 7,
        "model": "projects.fundingamount",
        "fields": {
            "project": 2,
            "amount": "7945.00",
            "year": 2011
        }
    },
    {
        "pk": 8,
        "model": "projects.fundingamount",
        "fields": {
            "project": 3,
            "amount": "47945.00",
            "year": 2011
        }
    },
    {
        "pk": 9,
        "model": "projects.fundingamount",
        "fields": {
            "project": 3,
            "amount": "78419.00",
            "year": 2012
        }
    },
    {
        "pk": 10,
        "model": "projects.fundingamount",
        "fields": {
            "project": 4,
            "amount": "13322.84",
            "year": 2012
        }
    },
    {
        "pk": 11,
        "model": "projects.fundingamount",
        "fields": {
            "project": 4,
            "amount": "46355.56",
            "year": 2013
        }
    },
    {
        "pk": 14,
        "model": "projects.fundingamount",
        "fields": {
            "project": 6,
            "amount": "12137.00",
            "year": 2012
        }
    },
    {
        "pk": 15,
        "model": "projects.fundingamount",
        "fields": {
            "project": 6,
            "amount": "36318.00",
            "year": 2013
        }
    },
    {
        "pk": 16,
        "model": "projects.fundingamount",
        "fields": {
            "project": 6,
            "amount": "32347.00",
            "year": 2014
        }
    },
    {
        "pk": 17,
        "model": "projects.fundingamount",
        "fields": {
            "project": 7,
            "amount": "15077.00",
            "year": 2012
        }
    },
    {
        "pk": 18,
        "model": "projects.fundingamount",
        "fields": {
            "project": 7,
            "amount": "15038.00",
            "year": 2013
        }
    },
    {
        "pk": 19,
        "model": "projects.fundingamount",
        "fields": {
            "project": 10,
            "amount": "10015.00",
            "year": 2012
        }
    },
    {
        "pk": 20,
        "model": "projects.fundingamount",
        "fields": {
            "project": 10,
            "amount": "9126.00",
            "year": 2013
        }
    },
    {
        "pk": 21,
        "model": "projects.fundingamount",
        "fields": {
            "project": 10,
            "amount": "9950.00",
            "year": 2014
        }
    },
    {
        "pk": 22,
        "model": "projects.fundingamount",
        "fields": {
            "project": 11,
            "amount": "9000.00",
            "year": 2011
        }
    },
    {
        "pk": 23,
        "model": "projects.fundingamount",
        "fields": {
            "project": 11,
            "amount": "68985.00",
            "year": 2012
        }
    },
    {
        "pk": 24,
        "model": "projects.fundingamount",
        "fields": {
            "project": 11,
            "amount": "64374.00",
            "year": 2013
        }
    },
    {
        "pk": 25,
        "model": "projects.fundingamount",
        "fields": {
            "project": 12,
            "amount": "11040.00",
            "year": 2011
        }
    },
    {
        "pk": 26,
        "model": "projects.fundingamount",
        "fields": {
            "project": 12,
            "amount": "16000.00",
            "year": 2012
        }
    },
    {
        "pk": 27,
        "model": "projects.fundingamount",
        "fields": {
            "project": 12,
            "amount": "23013.00",
            "year": 2013
        }
    },
    {
        "pk": 28,
        "model": "projects.fundingamount",
        "fields": {
            "project": 13,
            "amount": "15301.00",
            "year": 2011
        }
    },
    {
        "pk": 29,
        "model": "projects.fundingamount",
        "fields": {
            "project": 13,
            "amount": "68633.00",
            "year": 2012
        }
    },
    {
        "pk": 30,
        "model": "projects.fundingamount",
        "fields": {
            "project": 13,
            "amount": "68633.00",
            "year": 2013
        }
    },
    {
        "pk": 31,
        "model": "projects.fundingamount",
        "fields": {
            "project": 14,
            "amount": "18400.00",
            "year": 2011
        }
    },
    {
        "pk": 32,
        "model": "projects.fundingamount",
        "fields": {
            "project": 14,
            "amount": "48663.00",
            "year": 2012
        }
    },
    {
        "pk": 33,
        "model": "projects.fundingamount",
        "fields": {
            "project": 14,
            "amount": "49383.00",
            "year": 2013
        }
    },
    {
        "pk": 34,
        "model": "projects.fundingamount",
        "fields": {
            "project": 14,
            "amount": "34187.00",
            "year": 2014
        }
    },
    {
        "pk": 50,
        "model": "projects.fundingamount",
        "fields": {
            "project": 20,
            "amount": "13860.00",
            "year": 2011
        }
    },
    {
        "pk": 51,
        "model": "projects.fundingamount",
        "fields": {
            "project": 20,
            "amount": "72571.00",
            "year": 2012
        }
    },
    {
        "pk": 52,
        "model": "projects.fundingamount",
        "fields": {
            "project": 20,
            "amount": "60742.00",
            "year": 2013
        }
    },
    {
        "pk": 55,
        "model": "projects.fundingamount",
        "fields": {
            "project": 22,
            "amount": "22052.25",
            "year": 2012
        }
    },
    {
        "pk": 56,
        "model": "projects.fundingamount",
        "fields": {
            "project": 22,
            "amount": "18785.25",
            "year": 2013
        }
    },
    {
        "pk": 57,
        "model": "projects.fundingamount",
        "fields": {
            "project": 24,
            "amount": "10175.42",
            "year": 2012
        }
    },
    {
        "pk": 58,
        "model": "projects.fundingamount",
        "fields": {
            "project": 25,
            "amount": "18671.51",
            "year": 2012
        }
    },
    {
        "pk": 59,
        "model": "projects.fundingamount",
        "fields": {
            "project": 28,
            "amount": "21069.42",
            "year": 2012
        }
    },
    {
        "pk": 60,
        "model": "projects.fundingamount",
        "fields": {
            "project": 28,
            "amount": "50000.00",
            "year": 2013
        }
    },
    {
        "pk": 1,
        "model": "projects.assignedemployee",
        "fields": {
            "project": 1,
            "employee": 5,
            "role": "Project manager"
        }
    },
    {
        "pk": 2,
        "model": "projects.assignedemployee",
        "fields": {
            "project": 1,
            "employee": 8,
            "role": "Project manager"
        }
    },
    {
        "pk": 3,
        "model": "projects.assignedemployee",
        "fields": {
            "project": 1,
            "employee": 2,
            "role": "Researcher"
        }
    },
    {
        "pk": 4,
        "model": "projects.assignedemployee",
        "fields": {
            "project": 1,
            "employee": 3,
            "role": "Researcher"
        }
    },
    {
        "pk": 5,
        "model": "projects.assignedemployee",
        "fields": {
            "project": 2,
            "employee": 8,
            "role": "Project manager"
        }
    },
    {
        "pk": 6,
        "model": "projects.assignedemployee",
        "fields": {
            "project": 2,
            "employee": 1,
            "role": "Researcher"
        }
    },
    {
        "pk": 7,
        "model": "projects.assignedemployee",
        "fields": {
            "project": 2,
            "employee": 4,
            "role": "Principal researcher"
        }
    },
    {
        "pk": 8,
        "model": "projects.assignedemployee",
        "fields": {
            "project": 2,
            "employee": 7,
            "role": "Researcher"
        }
    },
    {
        "pk": 9,
        "model": "projects.assignedemployee",
        "fields": {
            "project": 3,
            "employee": 7,
            "role": "Project manager"
        }
    },
    {
        "pk": 10,
        "model": "projects.assignedemployee",
        "fields": {
            "project": 3,
            "employee": 5,
            "role": "Researcher"
        }
    },
    {
        "pk": 11,
        "model": "projects.assignedemployee",
        "fields": {
            "project": 4,
            "employee": 8,
            "role": "Principal researcher"
        }
    },
    {
        "pk": 12,
        "model": "projects.assignedemployee",
        "fields": {
            "project": 4,
            "employee": 7,
            "role": "Project manager"
        }
    },
    {
        "pk": 13,
        "model": "projects.assignedemployee",
        "fields": {
            "project": 6,
            "employee": 8,
            "role": "Principal researcher"
        }
    },
    {
        "pk": 14,
        "model": "projects.assignedemployee",
        "fields": {
            "project": 7,
            "employee": 8,
            "role": "Principal researcher"
        }
    },
    {
        "pk": 15,
        "model": "projects.assignedemployee",
        "fields": {
            "project": 8,
            "employee": 9,
            "role": "Researcher"
        }
    },
    {
        "pk": 16,
        "model": "projects.assignedemployee",
        "fields": {
            "project": 10,
            "employee": 8,
            "role": "Principal researcher"
        }
    },
    {
        "pk": 17,
        "model": "projects.assignedemployee",
        "fields": {
            "project": 11,
            "employee": 8,
            "role": "Principal researcher"
        }
    },
    {
        "pk": 18,
        "model": "projects.assignedemployee",
        "fields": {
            "project": 12,
            "employee": 8,
            "role": "Researcher"
        }
    },
    {
        "pk": 19,
        "model": "projects.assignedemployee",
        "fields": {
            "project": 13,
            "employee": 8,
            "role": "Researcher"
        }
    },
    {
        "pk": 20,
        "model": "projects.assignedemployee",
        "fields": {
            "project": 13,
            "employee": 6,
            "role": "Project manager"
        }
    },
    {
        "pk": 21,
        "model": "projects.assignedemployee",
        "fields": {
            "project": 14,
            "employee": 8,
            "role": "Researcher"
        }
    },
    {
        "pk": 22,
        "model": "projects.assignedemployee",
        "fields": {
            "project": 14,
            "employee": 7,
            "role": "Project manager"
        }
    },
    {
        "pk": 23,
        "model": "projects.assignedemployee",
        "fields": {
            "project": 20,
            "employee": 8,
            "role": "Researcher"
        }
    },
    {
        "pk": 24,
        "model": "projects.assignedemployee",
        "fields": {
            "project": 20,
            "employee": 12,
            "role": "Project manager"
        }
    },
    {
        "pk": 26,
        "model": "projects.assignedemployee",
        "fields": {
            "project": 22,
            "employee": 8,
            "role": "Researcher"
        }
    },
    {
        "pk": 27,
        "model": "projects.assignedemployee",
        "fields": {
            "project": 25,
            "employee": 8,
            "role": "Researcher"
        }
    },
    {
        "pk": 28,
        "model": "projects.assignedemployee",
        "fields": {
            "project": 26,
            "employee": 8,
            "role": "Researcher"
        }
    },
    {
        "pk": 29,
        "model": "projects.assignedemployee",
        "fields": {
            "project": 27,
            "employee": 8,
            "role": "Project manager"
        }
    },
    {
        "pk": 18,
        "model": "projects.consortiummember",
        "fields": {
            "project": 8,
            "organization": 18
        }
    },
    {
        "pk": 35,
        "model": "projects.consortiummember",
        "fields": {
            "project": 9,
            "organization": 34
        }
    },
    {
        "pk": 53,
        "model": "projects.consortiummember",
        "fields": {
            "project": 14,
            "organization": 49
        }
    },
    {
        "pk": 47,
        "model": "projects.consortiummember",
        "fields": {
            "project": 13,
            "organization": 45
        }
    },
    {
        "pk": 31,
        "model": "projects.consortiummember",
        "fields": {
            "project": 9,
            "organization": 31
        }
    },
    {
        "pk": 32,
        "model": "projects.consortiummember",
        "fields": {
            "project": 9,
            "organization": 30
        }
    },
    {
        "pk": 52,
        "model": "projects.consortiummember",
        "fields": {
            "project": 14,
            "organization": 6
        }
    },
    {
        "pk": 67,
        "model": "projects.consortiummember",
        "fields": {
            "project": 26,
            "organization": 6
        }
    },
    {
        "pk": 12,
        "model": "projects.consortiummember",
        "fields": {
            "project": 7,
            "organization": 6
        }
    },
    {
        "pk": 26,
        "model": "projects.consortiummember",
        "fields": {
            "project": 9,
            "organization": 25
        }
    },
    {
        "pk": 19,
        "model": "projects.consortiummember",
        "fields": {
            "project": 8,
            "organization": 19
        }
    },
    {
        "pk": 6,
        "model": "projects.consortiummember",
        "fields": {
            "project": 6,
            "organization": 9
        }
    },
    {
        "pk": 20,
        "model": "projects.consortiummember",
        "fields": {
            "project": 8,
            "organization": 21
        }
    },
    {
        "pk": 29,
        "model": "projects.consortiummember",
        "fields": {
            "project": 9,
            "organization": 28
        }
    },
    {
        "pk": 25,
        "model": "projects.consortiummember",
        "fields": {
            "project": 9,
            "organization": 24
        }
    },
    {
        "pk": 66,
        "model": "projects.consortiummember",
        "fields": {
            "project": 26,
            "organization": 24
        }
    },
    {
        "pk": 14,
        "model": "projects.consortiummember",
        "fields": {
            "project": 8,
            "organization": 14
        }
    },
    {
        "pk": 41,
        "model": "projects.consortiummember",
        "fields": {
            "project": 12,
            "organization": 38
        }
    },
    {
        "pk": 21,
        "model": "projects.consortiummember",
        "fields": {
            "project": 8,
            "organization": 23
        }
    },
    {
        "pk": 42,
        "model": "projects.consortiummember",
        "fields": {
            "project": 12,
            "organization": 37
        }
    },
    {
        "pk": 30,
        "model": "projects.consortiummember",
        "fields": {
            "project": 9,
            "organization": 29
        }
    },
    {
        "pk": 48,
        "model": "projects.consortiummember",
        "fields": {
            "project": 13,
            "organization": 47
        }
    },
    {
        "pk": 33,
        "model": "projects.consortiummember",
        "fields": {
            "project": 9,
            "organization": 32
        }
    },
    {
        "pk": 63,
        "model": "projects.consortiummember",
        "fields": {
            "project": 20,
            "organization": 50
        }
    },
    {
        "pk": 22,
        "model": "projects.consortiummember",
        "fields": {
            "project": 8,
            "organization": 20
        }
    },
    {
        "pk": 44,
        "model": "projects.consortiummember",
        "fields": {
            "project": 12,
            "organization": 40
        }
    },
    {
        "pk": 51,
        "model": "projects.consortiummember",
        "fields": {
            "project": 14,
            "organization": 44
        }
    },
    {
        "pk": 27,
        "model": "projects.consortiummember",
        "fields": {
            "project": 9,
            "organization": 26
        }
    },
    {
        "pk": 36,
        "model": "projects.consortiummember",
        "fields": {
            "project": 9,
            "organization": 35
        }
    },
    {
        "pk": 37,
        "model": "projects.consortiummember",
        "fields": {
            "project": 10,
            "organization": 36
        }
    },
    {
        "pk": 11,
        "model": "projects.consortiummember",
        "fields": {
            "project": 6,
            "organization": 4
        }
    },
    {
        "pk": 3,
        "model": "projects.consortiummember",
        "fields": {
            "project": 2,
            "organization": 4
        }
    },
    {
        "pk": 13,
        "model": "projects.consortiummember",
        "fields": {
            "project": 7,
            "organization": 13
        }
    },
    {
        "pk": 16,
        "model": "projects.consortiummember",
        "fields": {
            "project": 8,
            "organization": 16
        }
    },
    {
        "pk": 17,
        "model": "projects.consortiummember",
        "fields": {
            "project": 8,
            "organization": 17
        }
    },
    {
        "pk": 45,
        "model": "projects.consortiummember",
        "fields": {
            "project": 12,
            "organization": 42
        }
    },
    {
        "pk": 7,
        "model": "projects.consortiummember",
        "fields": {
            "project": 6,
            "organization": 10
        }
    },
    {
        "pk": 39,
        "model": "projects.consortiummember",
        "fields": {
            "project": 11,
            "organization": 10
        }
    },
    {
        "pk": 23,
        "model": "projects.consortiummember",
        "fields": {
            "project": 9,
            "organization": 10
        }
    },
    {
        "pk": 54,
        "model": "projects.consortiummember",
        "fields": {
            "project": 14,
            "organization": 10
        }
    },
    {
        "pk": 49,
        "model": "projects.consortiummember",
        "fields": {
            "project": 13,
            "organization": 46
        }
    },
    {
        "pk": 43,
        "model": "projects.consortiummember",
        "fields": {
            "project": 12,
            "organization": 39
        }
    },
    {
        "pk": 28,
        "model": "projects.consortiummember",
        "fields": {
            "project": 9,
            "organization": 27
        }
    },
    {
        "pk": 62,
        "model": "projects.consortiummember",
        "fields": {
            "project": 20,
            "organization": 5
        }
    },
    {
        "pk": 2,
        "model": "projects.consortiummember",
        "fields": {
            "project": 1,
            "organization": 5
        }
    },
    {
        "pk": 65,
        "model": "projects.consortiummember",
        "fields": {
            "project": 22,
            "organization": 51
        }
    },
    {
        "pk": 64,
        "model": "projects.consortiummember",
        "fields": {
            "project": 22,
            "organization": 52
        }
    },
    {
        "pk": 50,
        "model": "projects.consortiummember",
        "fields": {
            "project": 13,
            "organization": 3
        }
    },
    {
        "pk": 4,
        "model": "projects.consortiummember",
        "fields": {
            "project": 4,
            "organization": 3
        }
    },
    {
        "pk": 9,
        "model": "projects.consortiummember",
        "fields": {
            "project": 6,
            "organization": 3
        }
    },
    {
        "pk": 24,
        "model": "projects.consortiummember",
        "fields": {
            "project": 9,
            "organization": 3
        }
    },
    {
        "pk": 38,
        "model": "projects.consortiummember",
        "fields": {
            "project": 11,
            "organization": 3
        }
    },
    {
        "pk": 1,
        "model": "projects.consortiummember",
        "fields": {
            "project": 1,
            "organization": 3
        }
    },
    {
        "pk": 60,
        "model": "projects.consortiummember",
        "fields": {
            "project": 20,
            "organization": 3
        }
    },
    {
        "pk": 68,
        "model": "projects.consortiummember",
        "fields": {
            "project": 27,
            "organization": 3
        }
    },
    {
        "pk": 61,
        "model": "projects.consortiummember",
        "fields": {
            "project": 20,
            "organization": 48
        }
    },
    {
        "pk": 15,
        "model": "projects.consortiummember",
        "fields": {
            "project": 8,
            "organization": 15
        }
    },
    {
        "pk": 8,
        "model": "projects.consortiummember",
        "fields": {
            "project": 6,
            "organization": 12
        }
    },
    {
        "pk": 40,
        "model": "projects.consortiummember",
        "fields": {
            "project": 11,
            "organization": 12
        }
    },
    {
        "pk": 69,
        "model": "projects.consortiummember",
        "fields": {
            "project": 27,
            "organization": 12
        }
    },
    {
        "pk": 10,
        "model": "projects.consortiummember",
        "fields": {
            "project": 6,
            "organization": 11
        }
    },
    {
        "pk": 34,
        "model": "projects.consortiummember",
        "fields": {
            "project": 9,
            "organization": 33
        }
    },
    {
        "pk": 46,
        "model": "projects.consortiummember",
        "fields": {
            "project": 12,
            "organization": 43
        }
    }
]