[
    {
        "pk": 1, 
        "model": "projects.projecttype", 
        "fields": {
            "description": "", 
            "name": "Innovation project", 
            "slug": "innovation-project"
        }
    }, 
    {
        "pk": 2, 
        "model": "projects.projecttype", 
        "fields": {
            "description": "", 
            "name": "Project", 
            "slug": "project"
        }
    }, 
    {
        "pk": 3, 
        "model": "projects.projecttype", 
        "fields": {
            "description": "", 
            "name": "Development project", 
            "slug": "development-project"
        }
    }, 
    {
        "pk": 4, 
        "model": "projects.projecttype", 
        "fields": {
            "description": "", 
            "name": "Applied research project", 
            "slug": "applied-research-project"
        }
    }, 
    {
        "pk": 5, 
        "model": "projects.projecttype", 
        "fields": {
            "description": "", 
            "name": "Research project", 
            "slug": "research-project"
        }
    }, 
    {
        "pk": 1, 
        "model": "projects.project", 
        "fields": {
            "start_month": "01", 
            "status": "In development", 
            "start_year": 2011, 
            "description": "El proyecto 4GIZAR tiene como objetivo fundamental investigar y desarrollar tecnolog\u00edas, productos y procesos que favorezcan el despliegue de las redes LTE en Euskadi as\u00ed como su r\u00e1pida adopci\u00f3n tanto en la industria como en la propia sociedad, tomando como escenario concreto el de las comunicaciones M2M, dado su gran potencial en el mundo empresarial as\u00ed como el gran inter\u00e9s de las operadoras, que ven en este mercado una fuente de beneficios muy interesante y en constante crecimiento. NTS colabora como proveedor experto en soluciones de movilidad aportando su experiencia en el desarrollo de aplicaciones con demanda de gran ancho de banda de datos.", 
            "short_name": "4GIZAR", 
            "end_year": 2013, 
            "project_type": 1, 
            "project_leader": 1, 
            "end_month": "12", 
            "observations": "", 
            "full_name": "4GIZAR", 
            "homepage": "", 
            "slug": "4gizar"
        }
    }, 
    {
        "pk": 2, 
        "model": "projects.project", 
        "fields": {
            "start_month": "01", 
            "status": "Finished", 
            "start_year": 2009, 
            "description": "Auto-Configurable Robots for Social Services", 
            "short_name": "ACROSS", 
            "end_year": 2011, 
            "project_type": 2, 
            "project_leader": 11, 
            "end_month": "12", 
            "observations": "", 
            "full_name": "ACROSS: Auto-Configurable Robots for Social Services", 
            "homepage": "", 
            "slug": "across-auto-configurable-robots-for-social-services"
        }
    }, 
    {
        "pk": 3, 
        "model": "projects.project", 
        "fields": {
            "start_month": "01", 
            "status": "In development", 
            "start_year": 2011, 
            "description": "El proyecto ADAPTA tiene por misi\u00f3n proveer la infraestructura que facilite la migraci\u00f3n de la Web de Documentos actual a la Web de Datos promulgada por la iniciativa Linked Data. El objetivo final de la Web of Linked Data es la construcci\u00f3n de aplicaciones ricas en torno a los datos abiertos, conectando conocimiento de diversos dominios y organizaciones, distribuidos por la Web. El objetivo del proyecto ADAPTA es definir, dise\u00f1ar e implementar est\u00e1ndares y tecnolog\u00edas que permitan la adecuaci\u00f3n, validaci\u00f3n e integraci\u00f3n de datos abiertos por gobiernos y empresas para su explotaci\u00f3n avanzada por ciudadanos y empresas.", 
            "short_name": "ADAPTA", 
            "end_year": 2013, 
            "project_type": 3, 
            "project_leader": 22, 
            "end_month": "12", 
            "observations": "", 
            "full_name": "ADAPTA: Adecuaci\u00f3n, validaci\u00f3n e integraci\u00f3n de datos abiertos por gobiernos y empresas", 
            "homepage": "", 
            "slug": "adapta"
        }
    }, 
    {
        "pk": 4, 
        "model": "projects.project", 
        "fields": {
            "start_month": "01", 
            "status": "In development", 
            "start_year": 2012, 
            "description": "-", 
            "short_name": "ADIZAIN", 
            "end_year": 2013, 
            "project_type": 2, 
            "project_leader": 1, 
            "end_month": "12", 
            "observations": "", 
            "full_name": "ADIZAIN: Monitor Inteligente de superficies comerciales", 
            "homepage": "", 
            "slug": "adizain"
        }
    }, 
    {
        "pk": 5, 
        "model": "projects.project", 
        "fields": {
            "start_month": "01", 
            "status": "Finished", 
            "start_year": 2009, 
            "description": "-", 
            "short_name": "AGUREZAINA/ZAINGUNE2", 
            "end_year": 2010, 
            "project_type": 2, 
            "project_leader": 2, 
            "end_month": "12", 
            "observations": "", 
            "full_name": "AGUREZAINA/ZAINGUNE2: Plataforma de Automatizaci\u00f3n y Control de Entornos Residenciales Asistivos", 
            "homepage": "", 
            "slug": "agurezainazaingune2"
        }
    }, 
    {
        "pk": 6, 
        "model": "projects.project", 
        "fields": {
            "start_month": "01", 
            "status": "Finished", 
            "start_year": 2005, 
            "description": "-", 
            "short_name": "AMILETS", 
            "end_year": 2006, 
            "project_type": 2, 
            "project_leader": 1, 
            "end_month": "12", 
            "observations": "", 
            "full_name": "AMILETS: Plataforma para el desarrollo y explotaci\u00f3n de sistemas de Inteligencia Ambiental", 
            "homepage": "", 
            "slug": "amilets"
        }
    }, 
    {
        "pk": 7, 
        "model": "projects.project", 
        "fields": {
            "start_month": "01", 
            "status": "Finished", 
            "start_year": 2007, 
            "description": "Plataforma AmI para la Habilitaci\u00f3n de Servicios de Transporte Inteligentes.", 
            "short_name": "AMITS", 
            "end_year": 2008, 
            "project_type": 2, 
            "project_leader": 1, 
            "end_month": "12", 
            "observations": "", 
            "full_name": "AMITS: Plataforma AmI para la Habilitaci\u00f3n de Servicios de Transporte Inteligentes", 
            "homepage": "", 
            "slug": "amits"
        }
    }, 
    {
        "pk": 8, 
        "model": "projects.project", 
        "fields": {
            "start_month": "01", 
            "status": "Finished", 
            "start_year": 2011, 
            "description": "-", 
            "short_name": "A-MUSE", 
            "end_year": 2011, 
            "project_type": 2, 
            "project_leader": 35, 
            "end_month": "12", 
            "observations": "", 
            "full_name": "A-MUSE: Plataforma para el aprendizaje en museos basado en dispositivos m\u00f3viles y sistemas de gesti\u00f3n del aprendizaje", 
            "homepage": "", 
            "slug": "a-muse"
        }
    }, 
    {
        "pk": 9, 
        "model": "projects.project", 
        "fields": {
            "start_month": "01", 
            "status": "Finished", 
            "start_year": 2007, 
            "description": "Plataforma Software Aut\u00f3noma para la Integraci\u00f3n y Coordinaci\u00f3n de Servicios Sem\u00e1nticos en Entornos Residenciales.", 
            "short_name": "AUTOSEMAMI", 
            "end_year": 2008, 
            "project_type": 2, 
            "project_leader": 11, 
            "end_month": "12", 
            "observations": "", 
            "full_name": "AUTOSEMAMI: Plataforma Software Aut\u00f3noma para la Integraci\u00f3n y Coordinaci\u00f3n de Servicios Sem\u00e1nticos", 
            "homepage": "", 
            "slug": "autosemami"
        }
    }, 
    {
        "pk": 10, 
        "model": "projects.project", 
        "fields": {
            "start_month": "01", 
            "status": "Finished", 
            "start_year": 2009, 
            "description": "Plataforma integral de gesti\u00f3n de equipamientos tur\u00edsticos", 
            "short_name": "BaliaTour", 
            "end_year": 2011, 
            "project_type": 2, 
            "project_leader": 37, 
            "end_month": "12", 
            "observations": "", 
            "full_name": "BaliaTour: Plataforma integral de gesti\u00f3n de equipamientos tur\u00edsticos", 
            "homepage": "", 
            "slug": "baliatour"
        }
    }, 
    {
        "pk": 11, 
        "model": "projects.project", 
        "fields": {
            "start_month": "01", 
            "status": "Finished", 
            "start_year": 2003, 
            "description": "Planta de experimentaci\u00f3n de robots dotados de comunicaciones m\u00f3viles", 
            "short_name": "COMMBOTS", 
            "end_year": 2004, 
            "project_type": 4, 
            "project_leader": 1, 
            "end_month": "12", 
            "observations": "", 
            "full_name": "COMMBOTS: Planta de experimentaci\u00f3n de robots dotados de comunicaciones m\u00f3viles", 
            "homepage": "", 
            "slug": "commbots"
        }
    }, 
    {
        "pk": 12, 
        "model": "projects.project", 
        "fields": {
            "start_month": "01", 
            "status": "Finished", 
            "start_year": 2010, 
            "description": "Comunicaci\u00f3n, Razonamiento, Orquestaci\u00f3n y Socializaci\u00f3n para la creaci\u00f3n de Ecosistemas de Objetos Inteligentes", 
            "short_name": "CROSen!", 
            "end_year": 2011, 
            "project_type": 2, 
            "project_leader": 1, 
            "end_month": "12", 
            "observations": "", 
            "full_name": "CROSen!: Comunicaci\u00f3n, Razonamiento, Orquestaci\u00f3n y Socializaci\u00f3n para la creaci\u00f3n de Ecosistemas de Objetos Inteligentes", 
            "homepage": "", 
            "slug": "crosen"
        }
    }, 
    {
        "pk": 13, 
        "model": "projects.project", 
        "fields": {
            "start_month": "01", 
            "status": "Finished", 
            "start_year": 2009, 
            "description": "Sistema para el DEsarrollo de SErvicios Avanzados basados en NFC m\u00f3vil", 
            "short_name": "DESEA-NFC", 
            "end_year": 2009, 
            "project_type": 1, 
            "project_leader": 44, 
            "end_month": "12", 
            "observations": "", 
            "full_name": "DESEA-NFC: Sistema para el DEsarrollo de SErvicios Avanzados basados en NFC m\u00f3vil", 
            "homepage": "", 
            "slug": "desea-nfc"
        }
    }, 
    {
        "pk": 14, 
        "model": "projects.project", 
        "fields": {
            "start_month": "01", 
            "status": "Finished", 
            "start_year": 2010, 
            "description": "Domotic Rich Internet Applications", 
            "short_name": "DomoRIA", 
            "end_year": 2010, 
            "project_type": 2, 
            "project_leader": 45, 
            "end_month": "12", 
            "observations": "", 
            "full_name": "DomoRIA: Domotic Rich Internet Applications", 
            "homepage": "", 
            "slug": "domoria"
        }
    }, 
    {
        "pk": 15, 
        "model": "projects.project", 
        "fields": {
            "start_month": "01", 
            "status": "In development", 
            "start_year": 2012, 
            "description": "The aim of DYNUI is to define an intelligent platform that facilitates the development and deployment of user-environment interfaces adaptable to the users, their interaction devices and their context. These interfaces have to be adapted both at the beginning and during the execution of services taking into account the users' capacities, their interaction devices and the users' and their environment's current context.", 
            "short_name": "DYNUI", 
            "end_year": 2014, 
            "project_type": 1, 
            "project_leader": 1, 
            "end_month": "12", 
            "observations": "", 
            "full_name": "DYNUI: Capability and Context-aware Dynamic Adaptation of User Interfaces for Ambient Assisted Living", 
            "homepage": "http://www.tecnologico.deusto.es/projects/dynui/", 
            "slug": "dynui"
        }
    }, 
    {
        "pk": 16, 
        "model": "projects.project", 
        "fields": {
            "start_month": "01", 
            "status": "Finished", 
            "start_year": 2004, 
            "description": "-", 
            "short_name": "EMI^2", 
            "end_year": 2005, 
            "project_type": 5, 
            "project_leader": 1, 
            "end_month": "12", 
            "observations": "", 
            "full_name": "EMI^2: una arquitectura software para implantar Inteligencia Ambiental", 
            "homepage": "", 
            "slug": "emi2"
        }
    }, 
    {
        "pk": 17, 
        "model": "projects.project", 
        "fields": {
            "start_month": "01", 
            "status": "Finished", 
            "start_year": 2009, 
            "description": "-", 
            "short_name": "ENVIRA", 
            "end_year": 2010, 
            "project_type": 2, 
            "project_leader": 44, 
            "end_month": "12", 
            "observations": "", 
            "full_name": "ENVIRA \u2013 ENtorno VIRtual para el Aprendizaje basado en competencias", 
            "homepage": "", 
            "slug": "envira"
        }
    }, 
    {
        "pk": 18, 
        "model": "projects.project", 
        "fields": {
            "start_month": "01", 
            "status": "Finished", 
            "start_year": 2010, 
            "description": "La plataforma Ex-Lab soportar\u00e1 investigaciones en tecnolog\u00edas futuras de servicios de Internet demandantes de recursos y a gran escala, ofreciendo un punto de acceso simple a diferentes laboratorios experimentales y de testeo dirigidas a las comunidades de software y desarrolladores empresariales para su utilizaci\u00f3n en el testeo, experimentaci\u00f3n y generaci\u00f3n colaborativa de conocimientos.", 
            "short_name": "EXLAB", 
            "end_year": 2010, 
            "project_type": 1, 
            "project_leader": 47, 
            "end_month": "12", 
            "observations": "", 
            "full_name": "EXLAB: Plataforma para la gesti\u00f3n de experimentos de servicios futuros de Internet", 
            "homepage": "", 
            "slug": "exlab"
        }
    }, 
    {
        "pk": 19, 
        "model": "projects.project", 
        "fields": {
            "start_month": "01", 
            "status": "Finished", 
            "start_year": 2006, 
            "description": "FLEXible remote sEnsing and Operation architecture.", 
            "short_name": "FLEXEO", 
            "end_year": 2007, 
            "project_type": 2, 
            "project_leader": 49, 
            "end_month": "12", 
            "observations": "", 
            "full_name": "FLEXEO: FLEXible remote sEnsing and Operation architecture", 
            "homepage": "", 
            "slug": "flexeo"
        }
    }, 
    {
        "pk": 20, 
        "model": "projects.project", 
        "fields": {
            "start_month": "01", 
            "status": "Finished", 
            "start_year": 2007, 
            "description": "Geo-b\u00fasqueda social", 
            "short_name": "GEOBUS", 
            "end_year": 2008, 
            "project_type": 2, 
            "project_leader": 37, 
            "end_month": "12", 
            "observations": "", 
            "full_name": "GEOBUS: Tagzania Geob\u00fasqueda social", 
            "homepage": "", 
            "slug": "geobus"
        }
    }, 
    {
        "pk": 21, 
        "model": "projects.project", 
        "fields": {
            "start_month": "01", 
            "status": "In development", 
            "start_year": 2012, 
            "description": "The Go-Lab project will open up remote science laboratories, their data archives, and virtual models (\u201conline labs\u201d) for large-scale use in education. Go-Lab enables science inquiry-based learning that promotes acquisition of deep conceptual domain knowledge and inquiry skills and directs students to careers in science. For students (10 to 18-years old), Go-lab offers the opportunity to perform personalized scientific experiments with online labs in pedagogically structured and scaffolded learning spaces that are extended with social communication facilities. For teachers, Go-Lab offers pedagogical \u201cplug, share, and play\u201d through a Web-based interface and a community framework to disseminate best practices and find mutual support. A modular approach and inquiry classroom scenarios promote a seamless incorporation of online labs into the classroom. For lab-owners, Go-Lab provides open interfacing solutions to easily plug in their online labs, construct their virtual didactic counterparts, and share them in the Go-Lab federation of online labs. Go-Lab will thus promote their scientific activities. The project starts with a set of online labs from worldwide renowned research organisations (e.g., CERN, ESA) and then from selected universities and, based on initial in-depth pilots, will gradually improve and expand its series of online labs and associated inquiry learning opportunities with the increasing contribution of teacher and lab-owner communities. More advanced and later versions will be evaluated and validated in large scale pilots. The Go-Lab project throughout Europe will expand the resources for teaching science in schools and provide more challenging, authentic and higher-order learning experiences for students. Its sustainability will come from the opportunity for the larger science education community to add new online labs. An open and Web-based community will capitalize on the \u2018collective intelligence\u2019 of students, teachers, and scientists.", 
            "short_name": "Go-Lab", 
            "end_year": 2016, 
            "project_type": 2, 
            "project_leader": 52, 
            "end_month": "12", 
            "observations": "", 
            "full_name": "Go-Lab: Global Online Science Labs for Inquiry Learning at School", 
            "homepage": "", 
            "slug": "go-lab"
        }
    }, 
    {
        "pk": 1, 
        "model": "projects.funding", 
        "fields": {
            "project": 1, 
            "funding_program": 1, 
            "total_funds": null, 
            "project_code": "ER-2011/00018"
        }
    }, 
    {
        "pk": 2, 
        "model": "projects.funding", 
        "fields": {
            "project": 2, 
            "funding_program": 2, 
            "total_funds": null, 
            "project_code": "TSI-020301-2009-27"
        }
    }, 
    {
        "pk": 3, 
        "model": "projects.funding", 
        "fields": {
            "project": 3, 
            "funding_program": 3, 
            "total_funds": null, 
            "project_code": "IPT-2011-1052-390000"
        }
    }, 
    {
        "pk": 5, 
        "model": "projects.funding", 
        "fields": {
            "project": 5, 
            "funding_program": 5, 
            "total_funds": null, 
            "project_code": "IG-2008/0000157"
        }
    }, 
    {
        "pk": 6, 
        "model": "projects.funding", 
        "fields": {
            "project": 6, 
            "funding_program": 6, 
            "total_funds": null, 
            "project_code": ""
        }
    }, 
    {
        "pk": 7, 
        "model": "projects.funding", 
        "fields": {
            "project": 4, 
            "funding_program": 5, 
            "total_funds": null, 
            "project_code": ""
        }
    }, 
    {
        "pk": 8, 
        "model": "projects.funding", 
        "fields": {
            "project": 7, 
            "funding_program": 6, 
            "total_funds": null, 
            "project_code": ""
        }
    }, 
    {
        "pk": 9, 
        "model": "projects.funding", 
        "fields": {
            "project": 8, 
            "funding_program": 5, 
            "total_funds": "27102", 
            "project_code": "IG-2011/0000819"
        }
    }, 
    {
        "pk": 10, 
        "model": "projects.funding", 
        "fields": {
            "project": 9, 
            "funding_program": 2, 
            "total_funds": "145372", 
            "project_code": "TSI-020100-2008-414"
        }
    }, 
    {
        "pk": 11, 
        "model": "projects.funding", 
        "fields": {
            "project": 10, 
            "funding_program": 7, 
            "total_funds": null, 
            "project_code": ""
        }
    }, 
    {
        "pk": 12, 
        "model": "projects.funding", 
        "fields": {
            "project": 11, 
            "funding_program": 6, 
            "total_funds": null, 
            "project_code": ""
        }
    }, 
    {
        "pk": 13, 
        "model": "projects.funding", 
        "fields": {
            "project": 12, 
            "funding_program": 6, 
            "total_funds": null, 
            "project_code": ""
        }
    }, 
    {
        "pk": 14, 
        "model": "projects.funding", 
        "fields": {
            "project": 13, 
            "funding_program": 5, 
            "total_funds": "35000", 
            "project_code": ""
        }
    }, 
    {
        "pk": 15, 
        "model": "projects.funding", 
        "fields": {
            "project": 14, 
            "funding_program": 3, 
            "total_funds": null, 
            "project_code": ""
        }
    }, 
    {
        "pk": 16, 
        "model": "projects.funding", 
        "fields": {
            "project": 16, 
            "funding_program": 6, 
            "total_funds": null, 
            "project_code": ""
        }
    }, 
    {
        "pk": 17, 
        "model": "projects.funding", 
        "fields": {
            "project": 17, 
            "funding_program": 5, 
            "total_funds": "149256", 
            "project_code": ""
        }
    }, 
    {
        "pk": 18, 
        "model": "projects.funding", 
        "fields": {
            "project": 18, 
            "funding_program": 5, 
            "total_funds": "45990", 
            "project_code": "IG-2010/0001042"
        }
    }, 
    {
        "pk": 19, 
        "model": "projects.funding", 
        "fields": {
            "project": 19, 
            "funding_program": 8, 
            "total_funds": null, 
            "project_code": ""
        }
    }, 
    {
        "pk": 20, 
        "model": "projects.funding", 
        "fields": {
            "project": 20, 
            "funding_program": 5, 
            "total_funds": null, 
            "project_code": "IN-2008/0000057"
        }
    }, 
    {
        "pk": 1, 
        "model": "projects.fundingamount", 
        "fields": {
            "own_amount": "11040", 
            "year": 2011, 
            "funding": 1, 
            "consortium_amount": null
        }
    }, 
    {
        "pk": 2, 
        "model": "projects.fundingamount", 
        "fields": {
            "own_amount": "16000", 
            "year": 2012, 
            "funding": 1, 
            "consortium_amount": null
        }
    }, 
    {
        "pk": 3, 
        "model": "projects.fundingamount", 
        "fields": {
            "own_amount": "23013", 
            "year": 2013, 
            "funding": 1, 
            "consortium_amount": null
        }
    }, 
    {
        "pk": 4, 
        "model": "projects.fundingamount", 
        "fields": {
            "own_amount": "40778", 
            "year": 2009, 
            "funding": 2, 
            "consortium_amount": null
        }
    }, 
    {
        "pk": 5, 
        "model": "projects.fundingamount", 
        "fields": {
            "own_amount": "84166", 
            "year": 2010, 
            "funding": 2, 
            "consortium_amount": null
        }
    }, 
    {
        "pk": 6, 
        "model": "projects.fundingamount", 
        "fields": {
            "own_amount": "86939", 
            "year": 2011, 
            "funding": 2, 
            "consortium_amount": null
        }
    }, 
    {
        "pk": 7, 
        "model": "projects.fundingamount", 
        "fields": {
            "own_amount": "15301", 
            "year": 2011, 
            "funding": 3, 
            "consortium_amount": null
        }
    }, 
    {
        "pk": 8, 
        "model": "projects.fundingamount", 
        "fields": {
            "own_amount": "68633", 
            "year": 2012, 
            "funding": 3, 
            "consortium_amount": null
        }
    }, 
    {
        "pk": 9, 
        "model": "projects.fundingamount", 
        "fields": {
            "own_amount": "68633", 
            "year": 2013, 
            "funding": 3, 
            "consortium_amount": null
        }
    }, 
    {
        "pk": 11, 
        "model": "projects.fundingamount", 
        "fields": {
            "own_amount": "41639", 
            "year": 2009, 
            "funding": 5, 
            "consortium_amount": null
        }
    }, 
    {
        "pk": 12, 
        "model": "projects.fundingamount", 
        "fields": {
            "own_amount": "157208", 
            "year": 2010, 
            "funding": 5, 
            "consortium_amount": null
        }
    }, 
    {
        "pk": 13, 
        "model": "projects.fundingamount", 
        "fields": {
            "own_amount": "19952", 
            "year": 2005, 
            "funding": 6, 
            "consortium_amount": null
        }
    }, 
    {
        "pk": 14, 
        "model": "projects.fundingamount", 
        "fields": {
            "own_amount": "20000", 
            "year": 2006, 
            "funding": 6, 
            "consortium_amount": null
        }
    }, 
    {
        "pk": 15, 
        "model": "projects.fundingamount", 
        "fields": {
            "own_amount": "30115", 
            "year": 2012, 
            "funding": 7, 
            "consortium_amount": null
        }
    }, 
    {
        "pk": 16, 
        "model": "projects.fundingamount", 
        "fields": {
            "own_amount": "94450", 
            "year": 2008, 
            "funding": 8, 
            "consortium_amount": null
        }
    }, 
    {
        "pk": 17, 
        "model": "projects.fundingamount", 
        "fields": {
            "own_amount": "14840", 
            "year": 2011, 
            "funding": 9, 
            "consortium_amount": "27102"
        }
    }, 
    {
        "pk": 18, 
        "model": "projects.fundingamount", 
        "fields": {
            "own_amount": "11206", 
            "year": 2007, 
            "funding": 10, 
            "consortium_amount": null
        }
    }, 
    {
        "pk": 19, 
        "model": "projects.fundingamount", 
        "fields": {
            "own_amount": "30299", 
            "year": 2008, 
            "funding": 10, 
            "consortium_amount": null
        }
    }, 
    {
        "pk": 20, 
        "model": "projects.fundingamount", 
        "fields": {
            "own_amount": "30202", 
            "year": 2010, 
            "funding": 11, 
            "consortium_amount": null
        }
    }, 
    {
        "pk": 21, 
        "model": "projects.fundingamount", 
        "fields": {
            "own_amount": "20134", 
            "year": 2011, 
            "funding": 11, 
            "consortium_amount": null
        }
    }, 
    {
        "pk": 22, 
        "model": "projects.fundingamount", 
        "fields": {
            "own_amount": "15000", 
            "year": 2003, 
            "funding": 12, 
            "consortium_amount": null
        }
    }, 
    {
        "pk": 23, 
        "model": "projects.fundingamount", 
        "fields": {
            "own_amount": "45000", 
            "year": 2004, 
            "funding": 12, 
            "consortium_amount": null
        }
    }, 
    {
        "pk": 24, 
        "model": "projects.fundingamount", 
        "fields": {
            "own_amount": "28409", 
            "year": 2010, 
            "funding": 13, 
            "consortium_amount": null
        }
    }, 
    {
        "pk": 25, 
        "model": "projects.fundingamount", 
        "fields": {
            "own_amount": "68622", 
            "year": 2011, 
            "funding": 13, 
            "consortium_amount": null
        }
    }, 
    {
        "pk": 26, 
        "model": "projects.fundingamount", 
        "fields": {
            "own_amount": "22000", 
            "year": 2009, 
            "funding": 14, 
            "consortium_amount": null
        }
    }, 
    {
        "pk": 27, 
        "model": "projects.fundingamount", 
        "fields": {
            "own_amount": "51320", 
            "year": 2010, 
            "funding": 15, 
            "consortium_amount": null
        }
    }, 
    {
        "pk": 28, 
        "model": "projects.fundingamount", 
        "fields": {
            "own_amount": "53358", 
            "year": 2005, 
            "funding": 16, 
            "consortium_amount": null
        }
    }, 
    {
        "pk": 29, 
        "model": "projects.fundingamount", 
        "fields": {
            "own_amount": "20000", 
            "year": 2009, 
            "funding": 17, 
            "consortium_amount": null
        }
    }, 
    {
        "pk": 30, 
        "model": "projects.fundingamount", 
        "fields": {
            "own_amount": "45014", 
            "year": 2010, 
            "funding": 17, 
            "consortium_amount": null
        }
    }, 
    {
        "pk": 31, 
        "model": "projects.fundingamount", 
        "fields": {
            "own_amount": "7000", 
            "year": 2010, 
            "funding": 18, 
            "consortium_amount": null
        }
    }, 
    {
        "pk": 32, 
        "model": "projects.fundingamount", 
        "fields": {
            "own_amount": "69428", 
            "year": 2006, 
            "funding": 19, 
            "consortium_amount": null
        }
    }, 
    {
        "pk": 33, 
        "model": "projects.fundingamount", 
        "fields": {
            "own_amount": "150000", 
            "year": 2007, 
            "funding": 19, 
            "consortium_amount": null
        }
    }, 
    {
        "pk": 34, 
        "model": "projects.fundingamount", 
        "fields": {
            "own_amount": "13400", 
            "year": 2007, 
            "funding": 20, 
            "consortium_amount": null
        }
    }, 
    {
        "pk": 35, 
        "model": "projects.fundingamount", 
        "fields": {
            "own_amount": "14017", 
            "year": 2008, 
            "funding": 20, 
            "consortium_amount": null
        }
    }, 
    {
        "pk": 1, 
        "model": "projects.consortiummember", 
        "fields": {
            "project": 1, 
            "organization": 4
        }
    }, 
    {
        "pk": 2, 
        "model": "projects.consortiummember", 
        "fields": {
            "project": 1, 
            "organization": 5
        }
    }, 
    {
        "pk": 3, 
        "model": "projects.consortiummember", 
        "fields": {
            "project": 1, 
            "organization": 6
        }
    }, 
    {
        "pk": 4, 
        "model": "projects.consortiummember", 
        "fields": {
            "project": 1, 
            "organization": 6
        }
    }, 
    {
        "pk": 5, 
        "model": "projects.consortiummember", 
        "fields": {
            "project": 1, 
            "organization": 7
        }
    }, 
    {
        "pk": 6, 
        "model": "projects.consortiummember", 
        "fields": {
            "project": 1, 
            "organization": 8
        }
    }, 
    {
        "pk": 7, 
        "model": "projects.consortiummember", 
        "fields": {
            "project": 1, 
            "organization": 9
        }
    }, 
    {
        "pk": 8, 
        "model": "projects.consortiummember", 
        "fields": {
            "project": 2, 
            "organization": 12
        }
    }, 
    {
        "pk": 9, 
        "model": "projects.consortiummember", 
        "fields": {
            "project": 2, 
            "organization": 13
        }
    }, 
    {
        "pk": 10, 
        "model": "projects.consortiummember", 
        "fields": {
            "project": 2, 
            "organization": 14
        }
    }, 
    {
        "pk": 11, 
        "model": "projects.consortiummember", 
        "fields": {
            "project": 2, 
            "organization": 15
        }
    }, 
    {
        "pk": 12, 
        "model": "projects.consortiummember", 
        "fields": {
            "project": 2, 
            "organization": 17
        }
    }, 
    {
        "pk": 13, 
        "model": "projects.consortiummember", 
        "fields": {
            "project": 2, 
            "organization": 18
        }
    }, 
    {
        "pk": 14, 
        "model": "projects.consortiummember", 
        "fields": {
            "project": 2, 
            "organization": 19
        }
    }, 
    {
        "pk": 15, 
        "model": "projects.consortiummember", 
        "fields": {
            "project": 2, 
            "organization": 20
        }
    }, 
    {
        "pk": 16, 
        "model": "projects.consortiummember", 
        "fields": {
            "project": 2, 
            "organization": 21
        }
    }, 
    {
        "pk": 17, 
        "model": "projects.consortiummember", 
        "fields": {
            "project": 2, 
            "organization": 22
        }
    }, 
    {
        "pk": 18, 
        "model": "projects.consortiummember", 
        "fields": {
            "project": 2, 
            "organization": 1
        }
    }, 
    {
        "pk": 19, 
        "model": "projects.consortiummember", 
        "fields": {
            "project": 2, 
            "organization": 23
        }
    }, 
    {
        "pk": 20, 
        "model": "projects.consortiummember", 
        "fields": {
            "project": 2, 
            "organization": 24
        }
    }, 
    {
        "pk": 21, 
        "model": "projects.consortiummember", 
        "fields": {
            "project": 3, 
            "organization": 1
        }
    }, 
    {
        "pk": 22, 
        "model": "projects.consortiummember", 
        "fields": {
            "project": 3, 
            "organization": 26
        }
    }, 
    {
        "pk": 23, 
        "model": "projects.consortiummember", 
        "fields": {
            "project": 3, 
            "organization": 27
        }
    }, 
    {
        "pk": 24, 
        "model": "projects.consortiummember", 
        "fields": {
            "project": 3, 
            "organization": 28
        }
    }, 
    {
        "pk": 25, 
        "model": "projects.consortiummember", 
        "fields": {
            "project": 4, 
            "organization": 29
        }
    }, 
    {
        "pk": 26, 
        "model": "projects.consortiummember", 
        "fields": {
            "project": 4, 
            "organization": 30
        }
    }, 
    {
        "pk": 27, 
        "model": "projects.consortiummember", 
        "fields": {
            "project": 5, 
            "organization": 1
        }
    }, 
    {
        "pk": 28, 
        "model": "projects.consortiummember", 
        "fields": {
            "project": 5, 
            "organization": 31
        }
    }, 
    {
        "pk": 29, 
        "model": "projects.consortiummember", 
        "fields": {
            "project": 5, 
            "organization": 32
        }
    }, 
    {
        "pk": 30, 
        "model": "projects.consortiummember", 
        "fields": {
            "project": 5, 
            "organization": 33
        }
    }, 
    {
        "pk": 31, 
        "model": "projects.consortiummember", 
        "fields": {
            "project": 8, 
            "organization": 1
        }
    }, 
    {
        "pk": 32, 
        "model": "projects.consortiummember", 
        "fields": {
            "project": 8, 
            "organization": 36
        }
    }, 
    {
        "pk": 33, 
        "model": "projects.consortiummember", 
        "fields": {
            "project": 10, 
            "organization": 1
        }
    }, 
    {
        "pk": 34, 
        "model": "projects.consortiummember", 
        "fields": {
            "project": 10, 
            "organization": 26
        }
    }, 
    {
        "pk": 35, 
        "model": "projects.consortiummember", 
        "fields": {
            "project": 10, 
            "organization": 38
        }
    }, 
    {
        "pk": 36, 
        "model": "projects.consortiummember", 
        "fields": {
            "project": 10, 
            "organization": 39
        }
    }, 
    {
        "pk": 37, 
        "model": "projects.consortiummember", 
        "fields": {
            "project": 10, 
            "organization": 40
        }
    }, 
    {
        "pk": 38, 
        "model": "projects.consortiummember", 
        "fields": {
            "project": 10, 
            "organization": 8
        }
    }, 
    {
        "pk": 39, 
        "model": "projects.consortiummember", 
        "fields": {
            "project": 10, 
            "organization": 41
        }
    }, 
    {
        "pk": 40, 
        "model": "projects.consortiummember", 
        "fields": {
            "project": 10, 
            "organization": 42
        }
    }, 
    {
        "pk": 41, 
        "model": "projects.consortiummember", 
        "fields": {
            "project": 9, 
            "organization": 32
        }
    }, 
    {
        "pk": 42, 
        "model": "projects.consortiummember", 
        "fields": {
            "project": 9, 
            "organization": 31
        }
    }, 
    {
        "pk": 43, 
        "model": "projects.consortiummember", 
        "fields": {
            "project": 9, 
            "organization": 43
        }
    }, 
    {
        "pk": 44, 
        "model": "projects.consortiummember", 
        "fields": {
            "project": 13, 
            "organization": 1
        }
    }, 
    {
        "pk": 45, 
        "model": "projects.consortiummember", 
        "fields": {
            "project": 14, 
            "organization": 1
        }
    }, 
    {
        "pk": 46, 
        "model": "projects.consortiummember", 
        "fields": {
            "project": 17, 
            "organization": 1
        }
    }, 
    {
        "pk": 47, 
        "model": "projects.consortiummember", 
        "fields": {
            "project": 17, 
            "organization": 46
        }
    }, 
    {
        "pk": 48, 
        "model": "projects.consortiummember", 
        "fields": {
            "project": 18, 
            "organization": 1
        }
    }, 
    {
        "pk": 49, 
        "model": "projects.consortiummember", 
        "fields": {
            "project": 18, 
            "organization": 46
        }
    }, 
    {
        "pk": 50, 
        "model": "projects.consortiummember", 
        "fields": {
            "project": 18, 
            "organization": 48
        }
    }, 
    {
        "pk": 51, 
        "model": "projects.consortiummember", 
        "fields": {
            "project": 19, 
            "organization": 1
        }
    }, 
    {
        "pk": 52, 
        "model": "projects.consortiummember", 
        "fields": {
            "project": 20, 
            "organization": 51
        }
    }, 
    {
        "pk": 53, 
        "model": "projects.consortiummember", 
        "fields": {
            "project": 20, 
            "organization": 1
        }
    }, 
    {
        "pk": 54, 
        "model": "projects.consortiummember", 
        "fields": {
            "project": 21, 
            "organization": 1
        }
    }
]