[
    {
        "pk": 1, 
        "model": "projects.projecttype", 
        "fields": {
            "description": "", 
            "name": "Innovation project", 
            "slug": "innovation-project"
        }
    }, 
    {
        "pk": 2, 
        "model": "projects.projecttype", 
        "fields": {
            "description": "", 
            "name": "Project", 
            "slug": "project"
        }
    }, 
    {
        "pk": 3, 
        "model": "projects.projecttype", 
        "fields": {
            "description": "", 
            "name": "Development project", 
            "slug": "development-project"
        }
    }, 
    {
        "pk": 1, 
        "model": "projects.project", 
        "fields": {
            "start_month": "01", 
            "status": "In development", 
            "start_year": 2011, 
            "description": "El proyecto 4GIZAR tiene como objetivo fundamental investigar y desarrollar tecnolog\u00edas, productos y procesos que favorezcan el despliegue de las redes LTE en Euskadi as\u00ed como su r\u00e1pida adopci\u00f3n tanto en la industria como en la propia sociedad, tomando como escenario concreto el de las comunicaciones M2M, dado su gran potencial en el mundo empresarial as\u00ed como el gran inter\u00e9s de las operadoras, que ven en este mercado una fuente de beneficios muy interesante y en constante crecimiento. NTS colabora como proveedor experto en soluciones de movilidad aportando su experiencia en el desarrollo de aplicaciones con demanda de gran ancho de banda de datos.", 
            "short_name": "4GIZAR", 
            "end_year": 2013, 
            "project_type": 1, 
            "project_leader": 1, 
            "end_month": "12", 
            "observations": "", 
            "full_name": "4GIZAR", 
            "homepage": "", 
            "slug": "4gizar"
        }
    }, 
    {
        "pk": 2, 
        "model": "projects.project", 
        "fields": {
            "start_month": "01", 
            "status": "Finished", 
            "start_year": 2009, 
            "description": "Auto-Configurable Robots for Social Services", 
            "short_name": "ACROSS", 
            "end_year": 2011, 
            "project_type": 2, 
            "project_leader": 11, 
            "end_month": "12", 
            "observations": "", 
            "full_name": "ACROSS: Auto-Configurable Robots for Social Services", 
            "homepage": "", 
            "slug": "across-auto-configurable-robots-for-social-services"
        }
    }, 
    {
        "pk": 3, 
        "model": "projects.project", 
        "fields": {
            "start_month": "01", 
            "status": "In development", 
            "start_year": 2011, 
            "description": "El proyecto ADAPTA tiene por misi\u00f3n proveer la infraestructura que facilite la migraci\u00f3n de la Web de Documentos actual a la Web de Datos promulgada por la iniciativa Linked Data. El objetivo final de la Web of Linked Data es la construcci\u00f3n de aplicaciones ricas en torno a los datos abiertos, conectando conocimiento de diversos dominios y organizaciones, distribuidos por la Web. El objetivo del proyecto ADAPTA es definir, dise\u00f1ar e implementar est\u00e1ndares y tecnolog\u00edas que permitan la adecuaci\u00f3n, validaci\u00f3n e integraci\u00f3n de datos abiertos por gobiernos y empresas para su explotaci\u00f3n avanzada por ciudadanos y empresas.", 
            "short_name": "ADAPTA", 
            "end_year": 2013, 
            "project_type": 3, 
            "project_leader": 22, 
            "end_month": "12", 
            "observations": "", 
            "full_name": "ADAPTA: Adecuaci\u00f3n, validaci\u00f3n e integraci\u00f3n de datos abiertos por gobiernos y empresas", 
            "homepage": "", 
            "slug": "adapta"
        }
    }, 
    {
        "pk": 4, 
        "model": "projects.project", 
        "fields": {
            "start_month": "01", 
            "status": "In development", 
            "start_year": 2012, 
            "description": "-", 
            "short_name": "ADIZAIN", 
            "end_year": 2013, 
            "project_type": 2, 
            "project_leader": 1, 
            "end_month": "12", 
            "observations": "", 
            "full_name": "ADIZAIN: Monitor Inteligente de superficies comerciales", 
            "homepage": "", 
            "slug": "adizain"
        }
    }, 
    {
        "pk": 5, 
        "model": "projects.project", 
        "fields": {
            "start_month": "01", 
            "status": "Finished", 
            "start_year": 2009, 
            "description": "-", 
            "short_name": "AGUREZAINA/ZAINGUNE2", 
            "end_year": 2010, 
            "project_type": 2, 
            "project_leader": 2, 
            "end_month": "12", 
            "observations": "", 
            "full_name": "AGUREZAINA/ZAINGUNE2: Plataforma de Automatizaci\u00f3n y Control de Entornos Residenciales Asistivos", 
            "homepage": "", 
            "slug": "agurezainazaingune2"
        }
    }, 
    {
        "pk": 6, 
        "model": "projects.project", 
        "fields": {
            "start_month": "01", 
            "status": "Finished", 
            "start_year": 2005, 
            "description": "-", 
            "short_name": "AMILETS", 
            "end_year": 2006, 
            "project_type": 2, 
            "project_leader": 1, 
            "end_month": "12", 
            "observations": "", 
            "full_name": "AMILETS: Plataforma para el desarrollo y explotaci\u00f3n de sistemas de Inteligencia Ambiental", 
            "homepage": "", 
            "slug": "amilets"
        }
    }, 
    {
        "pk": 1, 
        "model": "projects.funding", 
        "fields": {
            "project": 1, 
            "funding_program": 1, 
            "total_funds": null, 
            "project_code": "ER-2011/00018"
        }
    }, 
    {
        "pk": 2, 
        "model": "projects.funding", 
        "fields": {
            "project": 2, 
            "funding_program": 2, 
            "total_funds": null, 
            "project_code": "TSI-020301-2009-27"
        }
    }, 
    {
        "pk": 3, 
        "model": "projects.funding", 
        "fields": {
            "project": 3, 
            "funding_program": 3, 
            "total_funds": null, 
            "project_code": "IPT-2011-1052-390000"
        }
    }, 
    {
        "pk": 5, 
        "model": "projects.funding", 
        "fields": {
            "project": 5, 
            "funding_program": 5, 
            "total_funds": null, 
            "project_code": "IG-2008/0000157"
        }
    }, 
    {
        "pk": 6, 
        "model": "projects.funding", 
        "fields": {
            "project": 6, 
            "funding_program": 6, 
            "total_funds": null, 
            "project_code": ""
        }
    }, 
    {
        "pk": 7, 
        "model": "projects.funding", 
        "fields": {
            "project": 4, 
            "funding_program": 5, 
            "total_funds": null, 
            "project_code": ""
        }
    }, 
    {
        "pk": 1, 
        "model": "projects.fundingamount", 
        "fields": {
            "own_amount": "11040", 
            "year": 2011, 
            "funding": 1, 
            "consortium_amount": null
        }
    }, 
    {
        "pk": 2, 
        "model": "projects.fundingamount", 
        "fields": {
            "own_amount": "16000", 
            "year": 2012, 
            "funding": 1, 
            "consortium_amount": null
        }
    }, 
    {
        "pk": 3, 
        "model": "projects.fundingamount", 
        "fields": {
            "own_amount": "23013", 
            "year": 2013, 
            "funding": 1, 
            "consortium_amount": null
        }
    }, 
    {
        "pk": 4, 
        "model": "projects.fundingamount", 
        "fields": {
            "own_amount": "40778", 
            "year": 2009, 
            "funding": 2, 
            "consortium_amount": null
        }
    }, 
    {
        "pk": 5, 
        "model": "projects.fundingamount", 
        "fields": {
            "own_amount": "84166", 
            "year": 2010, 
            "funding": 2, 
            "consortium_amount": null
        }
    }, 
    {
        "pk": 6, 
        "model": "projects.fundingamount", 
        "fields": {
            "own_amount": "86939", 
            "year": 2011, 
            "funding": 2, 
            "consortium_amount": null
        }
    }, 
    {
        "pk": 7, 
        "model": "projects.fundingamount", 
        "fields": {
            "own_amount": "15301", 
            "year": 2011, 
            "funding": 3, 
            "consortium_amount": null
        }
    }, 
    {
        "pk": 8, 
        "model": "projects.fundingamount", 
        "fields": {
            "own_amount": "68633", 
            "year": 2012, 
            "funding": 3, 
            "consortium_amount": null
        }
    }, 
    {
        "pk": 9, 
        "model": "projects.fundingamount", 
        "fields": {
            "own_amount": "68633", 
            "year": 2013, 
            "funding": 3, 
            "consortium_amount": null
        }
    }, 
    {
        "pk": 11, 
        "model": "projects.fundingamount", 
        "fields": {
            "own_amount": "41639", 
            "year": 2009, 
            "funding": 5, 
            "consortium_amount": null
        }
    }, 
    {
        "pk": 12, 
        "model": "projects.fundingamount", 
        "fields": {
            "own_amount": "157208", 
            "year": 2010, 
            "funding": 5, 
            "consortium_amount": null
        }
    }, 
    {
        "pk": 13, 
        "model": "projects.fundingamount", 
        "fields": {
            "own_amount": "19952", 
            "year": 2005, 
            "funding": 6, 
            "consortium_amount": null
        }
    }, 
    {
        "pk": 14, 
        "model": "projects.fundingamount", 
        "fields": {
            "own_amount": "20000", 
            "year": 2006, 
            "funding": 6, 
            "consortium_amount": null
        }
    }, 
    {
        "pk": 15, 
        "model": "projects.fundingamount", 
        "fields": {
            "own_amount": "30115", 
            "year": 2012, 
            "funding": 7, 
            "consortium_amount": null
        }
    }, 
    {
        "pk": 1, 
        "model": "projects.consortiummember", 
        "fields": {
            "project": 1, 
            "organization": 4
        }
    }, 
    {
        "pk": 2, 
        "model": "projects.consortiummember", 
        "fields": {
            "project": 1, 
            "organization": 5
        }
    }, 
    {
        "pk": 3, 
        "model": "projects.consortiummember", 
        "fields": {
            "project": 1, 
            "organization": 6
        }
    }, 
    {
        "pk": 4, 
        "model": "projects.consortiummember", 
        "fields": {
            "project": 1, 
            "organization": 6
        }
    }, 
    {
        "pk": 5, 
        "model": "projects.consortiummember", 
        "fields": {
            "project": 1, 
            "organization": 7
        }
    }, 
    {
        "pk": 6, 
        "model": "projects.consortiummember", 
        "fields": {
            "project": 1, 
            "organization": 8
        }
    }, 
    {
        "pk": 7, 
        "model": "projects.consortiummember", 
        "fields": {
            "project": 1, 
            "organization": 9
        }
    }, 
    {
        "pk": 8, 
        "model": "projects.consortiummember", 
        "fields": {
            "project": 2, 
            "organization": 12
        }
    }, 
    {
        "pk": 9, 
        "model": "projects.consortiummember", 
        "fields": {
            "project": 2, 
            "organization": 13
        }
    }, 
    {
        "pk": 10, 
        "model": "projects.consortiummember", 
        "fields": {
            "project": 2, 
            "organization": 14
        }
    }, 
    {
        "pk": 11, 
        "model": "projects.consortiummember", 
        "fields": {
            "project": 2, 
            "organization": 15
        }
    }, 
    {
        "pk": 12, 
        "model": "projects.consortiummember", 
        "fields": {
            "project": 2, 
            "organization": 17
        }
    }, 
    {
        "pk": 13, 
        "model": "projects.consortiummember", 
        "fields": {
            "project": 2, 
            "organization": 18
        }
    }, 
    {
        "pk": 14, 
        "model": "projects.consortiummember", 
        "fields": {
            "project": 2, 
            "organization": 19
        }
    }, 
    {
        "pk": 15, 
        "model": "projects.consortiummember", 
        "fields": {
            "project": 2, 
            "organization": 20
        }
    }, 
    {
        "pk": 16, 
        "model": "projects.consortiummember", 
        "fields": {
            "project": 2, 
            "organization": 21
        }
    }, 
    {
        "pk": 17, 
        "model": "projects.consortiummember", 
        "fields": {
            "project": 2, 
            "organization": 22
        }
    }, 
    {
        "pk": 18, 
        "model": "projects.consortiummember", 
        "fields": {
            "project": 2, 
            "organization": 1
        }
    }, 
    {
        "pk": 19, 
        "model": "projects.consortiummember", 
        "fields": {
            "project": 2, 
            "organization": 23
        }
    }, 
    {
        "pk": 20, 
        "model": "projects.consortiummember", 
        "fields": {
            "project": 2, 
            "organization": 24
        }
    }, 
    {
        "pk": 21, 
        "model": "projects.consortiummember", 
        "fields": {
            "project": 3, 
            "organization": 1
        }
    }, 
    {
        "pk": 22, 
        "model": "projects.consortiummember", 
        "fields": {
            "project": 3, 
            "organization": 26
        }
    }, 
    {
        "pk": 23, 
        "model": "projects.consortiummember", 
        "fields": {
            "project": 3, 
            "organization": 27
        }
    }, 
    {
        "pk": 24, 
        "model": "projects.consortiummember", 
        "fields": {
            "project": 3, 
            "organization": 28
        }
    }, 
    {
        "pk": 25, 
        "model": "projects.consortiummember", 
        "fields": {
            "project": 4, 
            "organization": 29
        }
    }, 
    {
        "pk": 26, 
        "model": "projects.consortiummember", 
        "fields": {
            "project": 4, 
            "organization": 30
        }
    }, 
    {
        "pk": 27, 
        "model": "projects.consortiummember", 
        "fields": {
            "project": 5, 
            "organization": 1
        }
    }, 
    {
        "pk": 28, 
        "model": "projects.consortiummember", 
        "fields": {
            "project": 5, 
            "organization": 31
        }
    }, 
    {
        "pk": 29, 
        "model": "projects.consortiummember", 
        "fields": {
            "project": 5, 
            "organization": 32
        }
    }, 
    {
        "pk": 30, 
        "model": "projects.consortiummember", 
        "fields": {
            "project": 5, 
            "organization": 33
        }
    }
]